<?xml version="1.0" encoding="UTF-8" ?>
<!DOCTYPE mapper PUBLIC "-//mybatis.org//DTD Mapper 3.0//EN" 
"http://mybatis.org/dtd/mybatis-3-mapper.dtd">
<!-- namespace必须指向Dao接口 -->
<mapper namespace="com.smt.iptv.epg.dao.billing.AuthenticataccountDao">

	<!-- 单个点播权限 -->
	<select id="accessSingleProgram" resultType="java.lang.Boolean">
          <![CDATA[
          	select if(count(*)>0,true,false) result from aaa_product pd where status='1' and resourcetype='22' 
          	and resourceid=#{resourceid} and pd.id in(
			select productid from aaa_productofferdetail where productofferid in (
			select productofferid from aaa_orderusage where paystatus='2' and orderendtime>now() and accountid =
			(select accountid from iptvprofile where iptvusername=#{iptvusername}))) 
          ]]>
	</select>
	
	<!-- 全部点播权限  -->
	<select id="accessAllProgram" resultType="java.lang.Boolean">
          <![CDATA[
          	select if(count(*)>0,true,false) result from aaa_product pd where status='1' and resourcetype='20' and pd.id in(
			select productid from aaa_productofferdetail where productofferid in (
			select productofferid from aaa_orderusage where paystatus='2' and orderendtime>now() and accountid =
			(select accountid from iptvprofile where iptvusername=#{iptvusername})))
          ]]>
	</select>
	
	<!-- 单个直播 -->
	<select id="accessSingleChannel" resultType="java.lang.Boolean">
          <![CDATA[     
         	select if(count(*)>0,true,false) result from aaa_product pd where status='1' and resourcetype='32' 
          	and resourceid=#{resourceid} and pd.id in(
			select productid from aaa_productofferdetail where productofferid in (
			select productofferid from aaa_orderusage where paystatus='2' and orderendtime>now() and accountid =
			(select accountid from iptvprofile where iptvusername=#{iptvusername}))) 
          ]]>
	</select>
	
	<!-- 全部直播 -->
	<select id="accessAllChannel" resultType="java.lang.Boolean">
          <![CDATA[
         	select if(count(*)>0,true,false) result from aaa_product pd where status='1' and resourcetype='30' and pd.id in(
			select productid from aaa_productofferdetail where productofferid in (
			select productofferid from aaa_orderusage where paystatus='2' and orderendtime>now() and accountid =
			(select accountid from iptvprofile where iptvusername=#{iptvusername})))
          ]]>
	</select>
</mapper> 

