<?xml version="1.0" encoding="UTF-8" ?>
<!DOCTYPE mapper PUBLIC "-//mybatis.org//DTD Mapper 3.0//EN" 
"http://mybatis.org/dtd/mybatis-3-mapper.dtd">
<!-- namespace必须指向Dao接口 -->
<mapper namespace="com.smt.iptv.epg.dao.BulletinDao">
	<select id="getBulletinlistPage" resultType="Bulletin">
          <![CDATA[
			SELECT bulletin.id,
				bulletin.important,
				bulletin.releasetime,
				bulletin.loopnumber,
				bulletin.loopintervaltime,
				bulletin.content,
				bulletinstatus.readstatus,
				bulletin.type
			FROM bulletin 
			LEFT JOIN bulletinstatus on bulletin.id =bulletinstatus.bulletinid
			LEFT JOIN iptvprofile ON bulletinstatus.iptvprofileid=iptvprofile.id
			where iptvprofile.iptvusername =#{iptvusername} and bulletinstatus.expirestatus<>'1' and bulletin.status='2'
			order by bulletinstatus.readstatus,bulletin.creatdate desc
          ]]>
	</select>
	<select id="getUnreadBulletinlistPage" resultType="Bulletin">
          <![CDATA[
			SELECT bulletin.id,
				bulletin.important,
				bulletin.releasetime,
				bulletin.loopnumber,
				bulletin.loopintervaltime,
				bulletin.content,
				bulletinstatus.readstatus,
				bulletin.type
			FROM bulletin 
			LEFT JOIN bulletinstatus on bulletin.id =bulletinstatus.bulletinid
			LEFT JOIN iptvprofile ON bulletinstatus.iptvprofileid=iptvprofile.id
			where iptvprofile.iptvusername =#{iptvusername} and bulletinstatus.expirestatus<>'1' and bulletinstatus.readstatus='0' and bulletin.status='2'
			order by bulletinstatus.readstatus,bulletin.creatdate desc
          ]]>
	</select>
	<select id="getUnreadTotal" resultType="Integer">
          <![CDATA[
			SELECT count(bulletin.id)
			FROM bulletin 
			Inner JOIN bulletinstatus on bulletin.id =bulletinstatus.bulletinid
			Inner JOIN iptvprofile ON bulletinstatus.iptvprofileid=iptvprofile.id
			where iptvprofile.iptvusername =#{iptvusername} and bulletinstatus.expirestatus<>'1' and bulletinstatus.readstatus='0' and bulletin.status='2'
          ]]>
	</select>
	<update id="readBulletin">
		update bulletinstatus set readstatus='1' 
		where bulletinid=#{bulletinid} 
		and iptvprofileid=(select id from iptvprofile where iptvusername =#{iptvusername})
		</update>
</mapper> 
