<?xml version="1.0" encoding="UTF-8" ?>
<!DOCTYPE mapper PUBLIC "-//mybatis.org//DTD Mapper 3.0//EN" 
"http://mybatis.org/dtd/mybatis-3-mapper.dtd">
<!-- namespace必须指向Dao接口 -->
<mapper namespace="com.smt.iptv.epg.dao.CategoryDao">

<select id="getVodType" resultType="Category">
          <![CDATA[
		select
			 name as categoryname,code as categorytype,code as id
		from 
			globalenum 
		where type='programtype'
          ]]>
	</select>

	<select id="getCategoryList" resultType="Category">
          <![CDATA[
		select
			 * 
		from 
			category 
		where parentid=0 and
			categorytype=#{type}  and deleteflag='1'  ]]><if test="menucode != null"><![CDATA[and category.menucode=#{menucode} ]]></if> <![CDATA[
			order by sequence
          ]]>
	</select>
	
	<select id="getSecondListByCategoryId" resultType="Category">
          <![CDATA[
		select
			 * 
		from 
			category 
		where parentid =#{value} and deleteflag='1'
			order by sequence
          ]]>
	</select>
	<select id="findOne" resultType="Category">
          <![CDATA[
		select
			 * 
		from 
			category 
		where id =#{value}
          ]]>
	</select>
</mapper> 
