<?xml version="1.0" encoding="UTF-8" ?>
<!DOCTYPE mapper PUBLIC "-//mybatis.org//DTD Mapper 3.0//EN" 
"http://mybatis.org/dtd/mybatis-3-mapper.dtd">
<!-- namespace必须指向Dao接口 -->
<mapper namespace="com.smt.iptv.epg.dao.ChannelDao">

	<select id="getChannellistPage"  resultType="Channel">
          <![CDATA[
		SELECT
		channel.channelname,
		channel.id,
		channel.cpobjectcode,
		channel.callsign,
		channel.timeshift,
		channel.timeshiftduration,
		channel.hdtv,
		channel.casttype,
		channel.channeltype,
		channel.recordstarttime,
		channel.recordendtime,
		channel.physicalchannelid,
		channel.description,
		channel.vip,
		physicalchannel.ip,
		physicalchannel.port,
		physicalchannel.channelurl,
		physicalchannel.unicasturl,
		physicalchannel.timeshifturl,
		physicalchannel.pmtpid,
		physicalchannel.frequency,
		customizedchannelno.channelgroup,
		customizedchannelno.channelnumber
		FROM
		channel 
		  ]]><if test="categoryId != 0"><![CDATA[
			inner join categorychannel on channel.id=categorychannel.channelid and categorychannel.categoryid=#{categoryId} 
		  ]]></if> <![CDATA[
			left join physicalchannel on channel.physicalchannelid=physicalchannel.id
			inner join customizedchannelno on channel.id =customizedchannelno.channelid
		where 
			customizedchannelno.channelgroup=#{groupId}  and view='1' and channel.status='1'
          ]]>
	</select>
	
		<select id="getAllChannel" parameterType="String" resultType="Channel">
          <![CDATA[
		SELECT
		channel.channelname,
		channel.id,
		channel.cpobjectcode,
		channel.callsign,
		channel.timeshift,
		channel.timeshiftduration,
		channel.hdtv,
		channel.casttype,
		channel.channeltype,
		channel.recordstarttime,
		channel.recordendtime,
		channel.physicalchannelid,
		channel.description,		
		channel.vip,
		physicalchannel.ip,
		physicalchannel.port,
		physicalchannel.channelurl,
		physicalchannel.unicasturl,
		physicalchannel.timeshifturl,
		physicalchannel.pmtpid,
		physicalchannel.frequency,
		customizedchannelno.channelgroup,
		customizedchannelno.channelnumber
		FROM
		channel 
			left join physicalchannel on channel.physicalchannelid=physicalchannel.id
			inner join customizedchannelno on channel.id =customizedchannelno.channelid
		where 
			customizedchannelno.channelgroup=#{value} and view='1' and channel.status='1'
		order by customizedchannelno.channelnumber
          ]]>
	</select>

	
	<select id="getTvodChannel" parameterType="String" resultType="Channel">
          <![CDATA[
		SELECT
		channel.channelname,
		channel.id,
		channel.cpobjectcode,
		channel.callsign,
		channel.timeshift,
		channel.timeshiftduration,
		channel.hdtv,
		channel.casttype,
		channel.channeltype,
		channel.recordstarttime,
		channel.recordendtime,
		channel.physicalchannelid,
		channel.description,
		channel.vip,
		physicalchannel.ip,
		physicalchannel.port,
		physicalchannel.channelurl,
		physicalchannel.unicasturl,
		physicalchannel.timeshifturl,
		physicalchannel.pmtpid,
		physicalchannel.frequency,
		customizedchannelno.channelgroup,
		customizedchannelno.channelnumber
		FROM
		channel 
			left join physicalchannel on channel.physicalchannelid=physicalchannel.id
			inner join customizedchannelno on channel.id =customizedchannelno.channelid
		where 
			customizedchannelno.channelgroup=#{value} and timeshift='1' and view='1' and channel.status='1'
          ]]>
	</select>

	<select id="getChannel" resultType="Channel">
          <![CDATA[
		SELECT
			channel.channelname,
			channel.id,
			channel.cpobjectcode,
			channel.callsign,
			channel.timeshift,
			channel.timeshiftduration,
			channel.hdtv,
			channel.casttype,
			channel.channeltype,
			channel.recordstarttime,
			channel.recordendtime,
			channel.physicalchannelid,
			channel.description,
			channel.vip,
			physicalchannel.ip,
			physicalchannel.port,
			physicalchannel.channelurl,
			physicalchannel.unicasturl,
			physicalchannel.timeshifturl,
			physicalchannel.pmtpid,
			physicalchannel.frequency
		FROM
			channel 
		left join physicalchannel on channel.physicalchannelid=physicalchannel.id
		where channel.id=#{value} limit 1
          ]]>
	</select>
     <select id="getChannelListTwoSchedule" resultType="Channel">
          <![CDATA[
		SELECT
			categorychannel.categoryid,
			schedule.schedulename as nowplay,
			s2.schedulename as nextplay,
			channel.channelname,
			customizedchannelno.channelgroup,
			customizedchannelno.channelnumber,
			channel.id,
			channel.cpobjectcode,
			channel.callsign,
			channel.timeshift,
			channel.timeshiftduration,
			channel.casttype,
			channel.channeltype,
			channel.vip,
			physicalchannel.channelurl,
			physicalchannel.unicasturl,
			physicalchannel.timeshifturl,
			physicalchannel.pmtpid,
			physicalchannel.frequency
		FROM
		channel 
			inner join categorychannel on channel.id=categorychannel.channelid
			]]> <if test="categoryId != 0" > <![CDATA[
			  and categorychannel.categoryid=#{categoryId} 
		  	]]></if> <![CDATA[
			inner join customizedchannelno on channel.id =customizedchannelno.channelid
			left join physicalchannel on channel.physicalchannelid=physicalchannel.id
			left join schedule on schedule.channelid = channel.id and schedule.starttime <now()  and schedule.endtime>now()
			left join schedule as s2 on s2.channelid = channel.id and s2.starttime >now()  
			
		where 
			customizedchannelno.channelgroup=#{groupId}  and view='1' and channel.status='1'
		group by channel.id,categoryid  order by categoryid,channelnumber
          ]]>
	</select>
</mapper> 
