<?xml version="1.0" encoding="UTF-8" ?>
<!DOCTYPE mapper PUBLIC "-//mybatis.org//DTD Mapper 3.0//EN" 
"http://mybatis.org/dtd/mybatis-3-mapper.dtd">
<!-- namespace必须指向Dao接口 -->
<mapper namespace="com.smt.iptv.epg.dao.DishorderDao">
	<select id="getMyOrders" resultType="Dishorder">
	 <![CDATA[
          select * from dishorder where username=#{username} and status <10 and checkinstatus<>'0' order by creationtime desc
          ]]>
	</select>
	<select id="getDishListByOrderid" resultType="Dish">
          select * from dishordermap 
          where dishordermap.orderid=#{orderid}
	</select>

	<insert id="addorder" useGeneratedKeys="true" keyProperty="id" parameterType="Dishorder">
		insert into dishorder 
		(username,roomname,ordercode,tel,totalprice,totalnumber,status,creationtime,checkinstatus)
		values(#{username},
		(select max(roomname) from hotelroom,iptvprofile where hotelroom.iptvprofileid=iptvprofile.id and iptvprofile.iptvusername=#{username}),
		#{ordercode},
		#{tel},
		#{totalprice},
		#{totalnumber},
		'1',
		now(),
		'1')
	</insert>
	
	<insert id="addOrderDishMap">
	insert into dishordermap (orderid,name,price,number,saletype,cuisine,image)values 
	<foreach collection="dishs" item="dishs" separator=",">(#{orderid},#{dishs.name},#{dishs.price},#{dishs.number},#{dishs.saletype},#{dishs.cuisine},#{dishs.image})</foreach>
	</insert>
</mapper> 
