<?xml version="1.0" encoding="UTF-8" ?>
<!DOCTYPE mapper PUBLIC "-//mybatis.org//DTD Mapper 3.0//EN" 
"http://mybatis.org/dtd/mybatis-3-mapper.dtd">
<!-- namespace必须指向Dao接口 -->
<mapper namespace="com.smt.iptv.epg.dao.DishDao">
	<resultMap type="Dishcart" id="dishcart">
	<id property="id" column="dishcart.id" />
	<result property="username" column="username" />
	<result property="dish.id" column="dishid" />
	<result property="dish.name" column="name" />
	<result property="dish.image" column="image" />
	<result property="dish.price" column="price" />
	<result property="dish.saletype" column="saletype" />
	<result property="dish.cuisine" column="cuisine" />
	<result property="dish.description" column="description" />
	<result property="dish.number" column="number" />
	</resultMap>
	<select id="getDishById" resultType="Dish">
          select * from dish where id=#{dishid}
	</select> 
	<select id="getDishlistPage" resultType="Dish">
          select d.* from dish d inner join categorydish cd on d.id = cd.dishid and cd.categoryid=#{categoryId}
	</select>
	<select id="getFeatured" resultType="Dish">
          select d.* from dish d,dishfeatured df where d.id=df.dishid order by sequence
	</select>
	<select id="getRecommend" resultType="Dish">
          select * from dish where id in (${dishstr})
	</select>
	
	<select id="getCart" resultMap="dishcart">
          select dishcart.*,dish.* from dishcart,dish where  dishcart.dishid=dish.id and username=#{username} order by dishcart.id desc
	</select>
	<select id="getCartTotal" resultType="Integer">
          select count(*) from dishcart where username=#{username}
	</select>

	<select id="getDishFromCartByDishId" resultMap="dishcart">
          select dishcart.*,dish.* from dishcart,dish where  dishcart.dishid=dish.id and username=#{username} and dishid =#{dishId} limit 1
	</select>
	
	<insert id="addToCart">
		insert into dishcart
		(username,dishid,number)
		values(#{username},#{dishid},#{number})
	</insert>
	<update id="modifyNumber">
		update dishcart set number=#{number} where id=#{dishcartId}
	</update>
	<delete id="deleteFormCart">
		delete from dishcart where id in(${dishcartids})
	</delete>
	<delete id="clearCart">
		delete from  dishcart where username=#{username}
	</delete>
</mapper> 
