<?xml version="1.0" encoding="UTF-8" ?>
<!DOCTYPE mapper PUBLIC "-//mybatis.org//DTD Mapper 3.0//EN" 
"http://mybatis.org/dtd/mybatis-3-mapper.dtd">
<!-- namespace必须指向Dao接口 -->
<mapper namespace="com.smt.iptv.epg.dao.GoodsorderDao">

	<select id="getMyOrders" resultType="Goodsorder">
	 <![CDATA[
          select * from goodsorder where username=#{username} and status <10 and checkinstatus<>'0' order by creationtime desc
          ]]>
	</select>
	<select id="getGoodsListByOrderid" resultType="Goods">
          select * from goodsordermap 
          where goodsordermap.orderid=#{orderid}
	</select>

	<insert id="addorder" useGeneratedKeys="true" keyProperty="id" parameterType="Goodsorder">
		insert into goodsorder 
		(username,roomname,ordercode,tel,totalprice,totalnumber,status,creationtime,checkinstatus)
		values(#{username},
		(select max(roomname) from hotelroom,iptvprofile where hotelroom.iptvprofileid=iptvprofile.id and iptvprofile.iptvusername=#{username}),
		#{ordercode},
		#{tel},
		#{totalprice},
		#{totalnumber},
		'1',
		now(),
		'1')
	</insert>
	
	<insert id="addOrderGoodsMap">
	insert into goodsordermap (orderid,name,price,number,saletype,cuisine,image)values 
	<foreach collection="goodss" item="goodss" separator=",">(#{orderid},#{goodss.name},#{goodss.price},#{goodss.number},#{goodss.saletype},#{goodss.cuisine},#{goodss.image})</foreach>
	</insert>

</mapper> 
