<?xml version="1.0" encoding="UTF-8" ?>
<!DOCTYPE mapper PUBLIC "-//mybatis.org//DTD Mapper 3.0//EN" 
"http://mybatis.org/dtd/mybatis-3-mapper.dtd">
<!-- namespace必须指向Dao接口 -->
<mapper namespace="com.smt.iptv.epg.dao.GoodsDao">
	<resultMap type="Goodscart" id="goodscart">
	<id property="id" column="goodscart.id" />
	<result property="username" column="username" />
	<result property="goods.id" column="goodsid" />
	<result property="goods.name" column="name" />
	<result property="goods.image" column="image" />
	<result property="goods.price" column="price" />
	<result property="goods.saletype" column="saletype" />
	<result property="goods.cuisine" column="cuisine" />
	<result property="goods.description" column="description" />
	<result property="goods.number" column="number" />
	</resultMap>
	<select id="getGoodsById" resultType="Goods">
          select * from goods where id=#{goodsid}
	</select> 
	<select id="getGoodslistPage" resultType="Goods">
          select d.* from goods d inner join categorygoods cd on d.id = cd.goodsid and cd.categoryid=#{categoryId}
	</select>
	<select id="getFeatured" resultType="Goods">
          select d.* from goods d,goodsfeatured df where d.id=df.goodsid order by sequence
	</select>
	<select id="getRecommend" resultType="Goods">
          select * from goods where id in (${goodsstr})
	</select>
	
	<select id="getCart" resultMap="goodscart">
          select goodscart.*,goods.* from goodscart,goods where  goodscart.goodsid=goods.id and username=#{username}
	</select>
	<select id="getCartTotal" resultType="Integer">
          select count(*) from goodscart where username=#{username}
	</select>

	<select id="getGoodsFromCartByGoodsId" resultMap="goodscart">
          select goodscart.*,goods.* from goodscart,goods where  goodscart.goodsid=goods.id and username=#{username} and goodsid =#{goodsId} limit 1
	</select>
	
	<insert id="addToCart">
		insert into goodscart
		(username,goodsid,number)
		values(#{username},#{goodsid},#{number})
	</insert>
	<update id="modifyNumber">
		update goodscart set number=#{number} where id=#{goodscartId}
	</update>
	<delete id="deleteFormCart">
		delete from goodscart where id in(${goodscartids})
	</delete>
	<delete id="clearCart">
		delete from  goodscart where username=#{username}
	</delete>
</mapper> 
