<?xml version="1.0" encoding="UTF-8" ?>
<!DOCTYPE mapper PUBLIC "-//mybatis.org//DTD Mapper 3.0//EN" 
"http://mybatis.org/dtd/mybatis-3-mapper.dtd">
<!-- namespace必须指向Dao接口 -->
<mapper namespace="com.smt.iptv.epg.dao.MusicDao">
	<resultMap type="Musiccategorytype" id="map">
	<result  property="id" column="id" />
	<result  property="name" column="name" />
	<result  property="code" column="code" />
	<collection property="lists" javaType="ArrayList" resultMap="MusiccategoryMap" ofType="Musiccategory" >
    </collection>
	
	</resultMap>
		<resultMap type="Musiccategory" id="MusiccategoryMap">
      <id property="id" column="musiccategory_id"/>
      <result property="name" column="musiccategory_name"/>
      <result property="typeid" column="musiccategory_typeid"/>
      <result property="sequence" column="musiccategory_sequence"/>
	</resultMap>
	<select id="getCategorytypeList" resultMap="map">
          select 
          	globalenum.id as id,
          	globalenum.name as name,
          	globalenum.code as code,
          	musiccategory.id as musiccategory_id,
          	musiccategory.name as musiccategory_name,
          	musiccategory.typeid as musiccategory_typeid,
          	musiccategory.sequence as musiccategory_sequence
          from globalenum,musiccategory
          where globalenum.id = musiccategory.typeid and globalenum.type='musiccategory'
          order by globalenum.code,musiccategory.sequence
	</select> 
	<select id="getMusiccategoryList" resultType="Musiccategory">
          select * from musiccategory where typeid=#{typeid}  order by sequence
	</select>
	<select id="getMusicList" resultType="Music">
          select music.* 
          from music inner join musiccategorymap map on map.musicid=music.id
          where map.musiccategoryid=#{musiccategoryId}
          order by map.sequence
	</select>
	<select id="getMusic" resultType="Music">
          select * from music where id=#{musicId}
	</select>
</mapper>
