<?xml version="1.0" encoding="UTF-8" ?>
<!DOCTYPE mapper PUBLIC "-//mybatis.org//DTD Mapper 3.0//EN" 
"http://mybatis.org/dtd/mybatis-3-mapper.dtd">
<!-- namespace必须指向Dao接口 -->
<mapper namespace="com.smt.iptv.epg.dao.ProfileDao">
	<select id="getProfile" parameterType="Profile" resultType="Profile">
	 <![CDATA[
		SELECT
			iptvprofile.id,
			iptvprofile.iptvusername,
			cg.channelgroupcode as channelgroup,
			iptvprofile.macaddress,
			iptvprofile.interacpassword,
			iptvprofile.ipaddress,
			iptvprofile.hotspot,
			iptvprofile.level,
			iptvprofile.epggroupid,
			iptvprofile.iptvpassword,
			iptvprofile.distributeip,
			iptvprofile.token,
			r.vodfree,
			r.roomname,
			r.roomno,
			r.onlylive
		FROM
			iptvprofile 
			left join channelgroup cg on cg.id=iptvprofile.channelgroupid
			left join hotelroom r on r.iptvprofileid=iptvprofile.id
		where 
			iptvprofile.iptvusername =#{iptvusername}
			and iptvprofile.iptvpassword=#{iptvpassword}
			]]>
	</select>
	
	<select id="getProfileByMac" resultType="Profile">
	 <![CDATA[
		SELECT
			iptvprofile.id,
			iptvprofile.iptvusername,
			iptvprofile.status,
			cg.channelgroupcode as channelgroup,
			iptvprofile.macaddress,
			iptvprofile.interacpassword,
			iptvprofile.ipaddress,
			iptvprofile.hotspot,
			iptvprofile.level,
			iptvprofile.epggroupid,
			iptvprofile.iptvpassword,
			iptvprofile.distributeip,
			iptvprofile.token,
			r.vodfree,
			r.roomname,
			r.roomno,
			r.onlylive
		FROM
			iptvprofile 
			left join channelgroup cg on cg.id=iptvprofile.channelgroupid
			left join hotelroom r on r.iptvprofileid=iptvprofile.id
		where 
			iptvprofile.macaddress =#{macaddress}
			]]>
	</select>
	<select id="getChannelgroup" parameterType="String" resultType="Profile">
	 <![CDATA[
		SELECT
			cg.channelgroupcode as channelgroup
		FROM
			iptvprofile inner join channelgroup cg on cg.id=iptvprofile.channelgroupid
		where 
			iptvprofile.iptvusername =#{value}
			]]>
	</select>

	<update id="updateIpaddress" parameterType="Profile">
		update 
			iptvprofile 
		set 
			ipaddress=#{ipaddress},
			token=#{token},
			stbversion=#{stbversion}
		where id=#{id}
	</update>
	<update id="updateInstallInfo" parameterType="Profile">
		update 
			iptvprofile 
		set 
			macaddress=#{macaddress},
			ipaddress=#{ipaddress},
			stbversion=#{stbversion},
			token=#{token},
			status=#{status}
		where id=#{id}
	</update>
	<select id="getProfileByInteracpassword" resultType="Profile">
	 <![CDATA[
		SELECT
			iptvprofile.id,
			iptvprofile.iptvusername,
			iptvprofile.status,
			cg.channelgroupcode as channelgroup,
			iptvprofile.macaddress,
			iptvprofile.interacpassword,
			iptvprofile.ipaddress,
			iptvprofile.hotspot,
			iptvprofile.level,
			iptvprofile.epggroupid,
			r.vodfree,
			r.roomname,
			r.roomno,
			r.onlylive
		FROM
			iptvprofile 
			left join channelgroup cg on cg.id=iptvprofile.channelgroupid
			left join hotelroom r on r.iptvprofileid=iptvprofile.id
		where 
			iptvprofile.interacpassword =#{value}
			group by iptvprofile.id
			]]>
	</select>
</mapper>
