<?xml version="1.0" encoding="UTF-8" ?>
<!DOCTYPE mapper PUBLIC "-//mybatis.org//DTD Mapper 3.0//EN" 
"http://mybatis.org/dtd/mybatis-3-mapper.dtd">
<!-- namespace必须指向Dao接口 -->
<mapper namespace="com.smt.iptv.epg.dao.ProgramDao">
	<select id="getProgramlistPage" resultType="Program">
          <![CDATA[
		SELECT
			program.id,
			program.programname,
			program.searchname,
			program.year,
			program.starrating,
			program.areaname,
			program.programtype,
			program.genrenames,
			program.actornames,
			program.writernames,
			program.description,
			program.price,
			program.vip,
			picture.pictureurl,
			picture2.pictureurl as pictureurl2
		FROM
			program 
			inner join categoryprogram on program.id = categoryprogram.programid and categoryprogram.categoryid=#{categoryId}
			left join picture on program.id =picture.programid and picture.picturetypeid=#{pictypeid}
			left join picture as picture2 on program.id =picture2.programid and picture2.picturetypeid=#{pictypeid2}
		WHERE
		 	program.status='1'  ]]><if test="level != null"><![CDATA[and program.level<=#{level} ]]></if> <![CDATA[
		 	order by categoryprogram.sequence,program.id desc
          ]]>
	</select>
	<select id="searchProgramlistPage" resultType="Program">
          <![CDATA[
		SELECT
			program.id,
			program.programname,
			program.searchname,
			program.year,
			program.starrating,
			program.areaname,
			program.programtype,
			program.genrenames,
			program.actornames,
			program.writernames,
			program.description,
			program.price,
			program.vip,
			(select min(picture.pictureurl) from picture where program.id = picture.programid) as pictureurl
		FROM
			program
		WHERE
		 	program.status='1' ]]><if test="level!=null"><![CDATA[and program.level<=#{level}]]></if> <![CDATA[ and searchname like ${searchname}
          ]]>
	</select>
	<select id="getProgramListByIds" resultType="Program">
          <![CDATA[
		SELECT
			program.id,
			program.programname,
			program.searchname,
			program.year,
			program.starrating,
			program.areaname,
			program.programtype,
			program.genrenames,
			program.actornames,
			program.writernames,
			program.description,
			program.price,
			program.vip,
			picture.pictureurl,
			picture2.pictureurl as pictureurl2
		FROM
			program 
			left join picture on program.id =picture.programid and picture.picturetypeid=#{pictypeid}
			left join picture as picture2 on program.id =picture2.programid and picture2.picturetypeid=#{pictypeid2}
		WHERE
		 	program.id in (${ids})
		 	and program.status='1'  ]]><if test="level != null"><![CDATA[and program.level<=#{level} ]]></if>
	</select>
    <select id="getMediaContentList" resultType="MediaContent">
          <![CDATA[
		SELECT
			mediacontent.id,
			mediacontent.mediacontentname as viewname,
			mediacontent.sequence,
			mediacontent.cpobjectcode,
			mediacontent.duration,
			mediacontent.urltype,
			mediacontent.otherplayurl,
			mediacontent.sourcefilename
		FROM
			mediacontent
		WHERE
			mediacontent.programid=#{value} and mediacontent.status = '0'
			order by sequence
          ]]>
	</select>
    <select id="getPicTypeList" resultType="Long">
          <![CDATA[
		SELECT
			id
		FROM
			picturetype
		WHERE
			picturetypecode=#{value}
          ]]>
	</select>
	<select id="getProgram" resultType="Program">
          <![CDATA[
		SELECT
			program.id,
			program.programname,
			program.searchname,
			program.year,
			program.starrating,
			program.areaname,
			program.programtype,
			program.genrenames,
			program.actornames,
			program.writernames,
			program.description,
			program.price,
			program.vip
		FROM
			program 
		WHERE
			program.id=#{value}
          ]]>
	</select>
	
	<select id="getProgramMediaContent" resultType="Program">
          <![CDATA[
		SELECT
			program.id,
			program.programname,
			program.searchname,
			program.year,
			program.starrating,
			program.areaname,
			program.programtype,
			program.genrenames,
			program.actornames,
			program.writernames,
			program.description,
			program.price,
			program.vip,
			mediacontent.mediacontentname as viewname,
			mediacontent.sequence,
			mediacontent.cpobjectcode,
			mediacontent.duration,
			mediacontent.urltype,
			mediacontent.otherplayurl
		FROM
			program  inner join mediacontent on program.id = mediacontent.programid
		WHERE
			mediacontent.id=#{value}
          ]]>
	</select>
	<select id="getMediaContentById" resultType="MediaContent">
          <![CDATA[
		SELECT
			mediacontent.id,
			mediacontent.mediacontentname as viewname,
			mediacontent.sequence,
			mediacontent.cpobjectcode,
			mediacontent.duration,
			mediacontent.urltype,
			mediacontent.otherplayurl,
			mediacontent.sourcefilename
		FROM
			mediacontent
		WHERE
			mediacontent.id=#{value}
          ]]>
	</select>
	<insert id="addprogram" useGeneratedKeys="true" keyProperty="id" parameterType="Program">
		insert into program
		(programname,
		year,
		starrating,
		areaname,
		programtype,
		genrenames,
		actornames,
		writernames,
		description,
		status)
		values(#{programname},
		#{year},
		#{starrating},
		#{areaname},
		#{programtype},
		#{genrenames},
		#{actornames},
		#{writernames},
		#{description},
		'0')
	</insert>
	<insert id="addMediacontent" useGeneratedKeys="true"  keyProperty="id" parameterType="MediaContent">
		insert into mediacontent
		(
			programid,
			sequence,
			cpobjectcode,
			duration,
			status,
			sourcefilename,
			deleteflag,
			urltype
			)
		values(
		#{programid},
		1,
		null,
		#{duration},
		'0',
		#{sourcefilename},
		'1',
		'f')
	</insert>
	<update id="updateProgramCode" parameterType="Program">
		update program set cpobjectcode=#{cpobjectcode} where id=#{id}
	</update>
	<update id="updateMediacontentCode" parameterType="MediaContent">
		update mediacontent set cpobjectcode=#{cpobjectcode} where id=#{id}
	</update>
</mapper> 
