<?xml version="1.0" encoding="UTF-8" ?>
<!DOCTYPE mapper PUBLIC "-//mybatis.org//DTD Mapper 3.0//EN" 
"http://mybatis.org/dtd/mybatis-3-mapper.dtd">
<!-- namespace必须指向Dao接口 -->
<mapper namespace="com.smt.iptv.epg.dao.ScheduleDao">
	<select id="getSchedulelistPage" resultType="Schedule">
		select * from  schedule 
		where channelid=#{channelid}
			and starttime>=now() 
		order by starttime
	</select>
	<select id="getOldSchedulelistPage" resultType="Schedule">
	<![CDATA[
		select * from  schedule 
		where channelid=#{channelid}
			and starttime<now() 
		order by starttime desc
		]]>
	</select>
	<select id="getTvodSchedulelistPage" resultType="Schedule">
		select * from  schedule 
		where channelid=#{channelid}
			and scheduledate=#{day}
			and starttime>=#{tvodtime}
		order by starttime
	</select>
	<select id="getFirstSchedule" resultType="Schedule">
		select * from  schedule 
		where channelid=#{channelid}
			and scheduledate=#{day}
		limit 1
	</select>
</mapper> 
