<?xml version="1.0" encoding="UTF-8" ?>
<!DOCTYPE mapper PUBLIC "-//mybatis.org//DTD Mapper 3.0//EN" 
"http://mybatis.org/dtd/mybatis-3-mapper.dtd">
<!-- namespace必须指向Dao接口 -->
<mapper namespace="com.smt.iptv.epg.dao.TrainDao">

	<select id="listbytype" resultType="Traincode">
      <![CDATA[
		select * from traincode where type = #{value}
      ]]>
	</select>
	<select id="listexclude" resultType="Traincode">
      <![CDATA[
		select * from traincode where type <> #{value}
		order by traincode
      ]]>
	</select>
	<select id="listall" resultType="Traincode">
      <![CDATA[
		select * from traincode
		order by traincode
    ]]>
	</select>
	<select id="schedule" resultType="Trainschedule">
    <![CDATA[
		SELECT * FROM trainschedule where traincode=#{value}
 		order by traincode,sequence
          ]]>
	</select>
</mapper> 
