<?xml version="1.0" encoding="UTF-8"?>
<beans xmlns="http://www.springframework.org/schema/beans"
	xmlns:xsi="http://www.w3.org/2001/XMLSchema-instance" xmlns:context="http://www.springframework.org/schema/context"
	xmlns:jdbc="http://www.springframework.org/schema/jdbc" xmlns:jee="http://www.springframework.org/schema/jee"
	xmlns:tx="http://www.springframework.org/schema/tx" xmlns:jpa="http://www.springframework.org/schema/data/jpa"
	xsi:schemaLocation="
		http://www.springframework.org/schema/beans http://www.springframework.org/schema/beans/spring-beans-3.2.xsd
		http://www.springframework.org/schema/context http://www.springframework.org/schema/context/spring-context-3.2.xsd
		http://www.springframework.org/schema/jdbc http://www.springframework.org/schema/jdbc/spring-jdbc-3.2.xsd
		http://www.springframework.org/schema/jee http://www.springframework.org/schema/jee/spring-jee-3.2.xsd
		http://www.springframework.org/schema/tx http://www.springframework.org/schema/tx/spring-tx-3.2.xsd
		http://www.springframework.org/schema/data/jpa http://www.springframework.org/schema/data/jpa/spring-jpa.xsd"
	default-lazy-init="true">

	<description>Spring公共配置 </description>

	<!-- 使用annotation 自动注册bean, 并保证@Required、@Autowired的属性被注入 -->
	<context:component-scan base-package="com.smt.iptv.portal">
		<context:exclude-filter type="annotation"
			expression="org.springframework.stereotype.Controller" />
	</context:component-scan>

	<!-- Jpa Entity Manager 配置 -->
	<bean id="entityManagerFactory"
		class="org.springframework.orm.jpa.LocalContainerEntityManagerFactoryBean">
		<property name="dataSource" ref="dataSource" />
		<property name="jpaVendorAdapter" ref="hibernateJpaVendorAdapter" />
		<property name="packagesToScan" value="com.smt.iptv.portal.entity" />
		<property name="jpaProperties">
			<props>
				<!-- 命名规则 My_NAME->MyName -->
				<prop key="hibernate.ejb.naming_strategy">org.hibernate.cfg.ImprovedNamingStrategy</prop>
			</props>
		</property>
	</bean>
	<bean id="hibernateJpaVendorAdapter"
		class="org.springframework.orm.jpa.vendor.HibernateJpaVendorAdapter">
		<property name="databasePlatform">
			<bean factory-method="getDialect"
				class="org.springside.modules.persistence.Hibernates">
				<constructor-arg ref="dataSource" />
			</bean>
		</property>
	</bean>
	<!-- Spring Data Jpa配置 -->
	<jpa:repositories base-package="com.smt.iptv.portal.repository"
		transaction-manager-ref="transactionManager"
		entity-manager-factory-ref="entityManagerFactory" />

	
	<!-- Jpa 事务配置 -->
	<bean id="transactionManager" class="org.springframework.orm.jpa.JpaTransactionManager">
		<property name="entityManagerFactory" ref="entityManagerFactory" />
	</bean>
	<tx:annotation-driven transaction-manager="transactionManager"
		proxy-target-class="true" />


<!-- i18n -->
	<bean id="i18nentityManagerFactory"
		class="org.springframework.orm.jpa.LocalContainerEntityManagerFactoryBean">
		<property name="dataSource" ref="multidataSource" />
		<property name="jpaVendorAdapter" ref="i18nhibernateJpaVendorAdapter" />
		<property name="packagesToScan" value="com.smt.iptv.portal.i18nentity" />
		<property name="jpaProperties">
			<props>
				<!-- 命名规则 My_NAME->MyName -->
				<prop key="hibernate.ejb.naming_strategy">org.hibernate.cfg.ImprovedNamingStrategy</prop>
			</props>
		</property>
	</bean>
	<bean id="i18nhibernateJpaVendorAdapter"
		class="org.springframework.orm.jpa.vendor.HibernateJpaVendorAdapter">
		<property name="databasePlatform">
			<bean factory-method="getDialect"
				class="org.springside.modules.persistence.Hibernates">
				<constructor-arg ref="multidataSource" />
			</bean>
		</property>
	</bean>
	<jpa:repositories base-package="com.smt.iptv.portal.i18nrepository"
		transaction-manager-ref="i18ntransactionManager"
		entity-manager-factory-ref="i18nentityManagerFactory" />
		
	<bean id="i18ntransactionManager" class="org.springframework.orm.jpa.JpaTransactionManager">
		<property name="entityManagerFactory" ref="i18nentityManagerFactory" />
	</bean>
	<tx:annotation-driven transaction-manager="i18ntransactionManager"
		proxy-target-class="true" />
		
	<!-- 环境配置 -->
	<beans profile="production">
		<context:property-placeholder ignore-unresolvable="true" location="classpath*:/application.properties" />
			<bean id="parentDataSource" class="org.apache.commons.dbcp.BasicDataSource">
				<!-- Connection Info -->
				<property name="driverClassName" value="${jdbc.driver}" />
				<property name="username" value="${jdbc.username}" />
				<property name="password" value="${jdbc.password}" />
				<!-- Connection Pooling Info -->
				<property name="maxActive" value="${dbcp.maxActive}" />
				<property name="maxIdle" value="${dbcp.maxIdle}" />
				<property name="defaultAutoCommit" value="false" />
				<property name="timeBetweenEvictionRunsMillis" value="3600000" />
				<property name="minEvictableIdleTimeMillis" value="3600000" />
			</bean>
			<bean id="dataSource" parent="parentDataSource" class="org.apache.commons.dbcp.BasicDataSource" >
				<property name="url" value="${jdbc.url}" />
			</bean>
			<bean id="enDataSource" parent="parentDataSource" class="org.apache.commons.dbcp.BasicDataSource" >
				<property name="url" value="${jdbc.enurl}" />
			</bean>	
			
			<bean id="multidataSource" class="com.smt.iptv.portal.core.MyRoutingDataSource">  
		       <property name="targetDataSources">  
		          <map key-type="java.lang.String">  
		             <entry key="zh" value-ref="dataSource"/>  
		             <entry key="en" value-ref="enDataSource"/>  
		          </map>
		       </property>
		    </bean>  
			<!-- <bean id="dataSource" class="net.sf.log4jdbc.Log4jdbcProxyDataSource">
				<constructor-arg ref="multidataSource" />
			</bean>-->
		<!-- 定时任务工厂 -->
			<bean id="schedulerFactoryBean"  
        class="org.springframework.scheduling.quartz.SchedulerFactoryBean" />  
	</beans>
</beans>