<?xml version="1.0" encoding="UTF-8"?>
<beans xmlns="http://www.springframework.org/schema/beans" xmlns:xsi="http://www.w3.org/2001/XMLSchema-instance"
	xsi:schemaLocation="http://www.springframework.org/schema/beans http://www.springframework.org/schema/beans/spring-beans-3.2.xsd"
	default-lazy-init="true">

	<description>Shiro安全配置</description>

	<!-- Shiro's main business-tier object for web-enabled applications -->
	<bean id="securityManager" class="org.apache.shiro.web.mgt.DefaultWebSecurityManager">
		<property name="realm" ref="shiroDbRealm" />
		<property name="cacheManager" ref="shiroEhcacheManager" />
	</bean>

	<!-- 項目自定义的Realm, 所有userService依赖的dao都需要用depends-on声明 -->
	<bean id="shiroDbRealm" class="com.smt.iptv.portal.service.account.ShiroDbRealm" depends-on="userDao,roleDao,resourceDao">
		<property name="userService" ref="userService"/>
		<property name="roleService" ref="roleService"/>
	</bean>
	
	<!-- Shiro Filter -->
	<bean id="shiroFilter" class="org.apache.shiro.spring.web.ShiroFilterFactoryBean">
		<property name="securityManager" ref="securityManager" />
		<property name="loginUrl" value="/login" />
		<property name="successUrl" value="/home" /><!-- 无效 -->
		<property name="filterChainDefinitions">
		<!-- 				/login = authc
				/logout = logout
				/** = anon				 -->
			<value>
				/login = authc
				/logout = logout
				/static/** = anon
				/views/error/** = anon
				/api/** = anon
				/json/** = anon
				/frame/** = anon
				/role**	= roles[admin]
				/program/**=perms["program"]
				/channel/**=perms["channel"]
				/dish/**=perms["dish"]
				/dishcategory/**=perms["dishcategory"]
				/dishfeatured/**=perms["dishfeatured"]
				/dishorder/**=perms["dishorder"]
				/goods/**=perms["goods"]
				/goodscategory/**=perms["goodscategory"]
				/goodsfeatured/**=perms["goodsfeatured"]
				/goodsorder/**=perms["goodsorder"]
				/epgvariable/**=perms["epgvariable"]
				/hotelcall/**=perms["hotelcall"]
				/hotelcustomer/**=perms["hotelcustomer"]
				/meeting/**=perms["meeting"]
				/infocontent/**=perms["infocontent"]
				/menu/**=perms["menu"]
				/music/**=perms["music"]
				/musiccategory/**=perms["musiccategory"]
				/bill/**=perms["bill"]
				/airlinetime/**=perms["airlinetime"]
				/appupdateinfo/**=perms["appupdateinfo"]
				/bulletin/**=perms["bulletin"]
				/category/**=perms["category"]
				/channelgroup/**=perms["channelgroup"]
				/city/**=perms["city"]
				/game/**=perms["game"]
				/globalconfig/**=perms["globalconfig"]
				/iptvprofile/**=perms["iptvprofile"]
				/picturetype/**=perms["picturetype"]
				/rate/**=perms["rate"]
				/timezone/**=perms["timezone"]
				/role/**=perms["role"]
				/user/list=perms["user"]
				/task/weather=perms["globalconfig"]
				/task/schdule=perms["globalconfig"]
				/task/**=perms["task"]
				/roomstatus/**=perms["roomstatus"]
				/epggroup/**=perms["epggroup"]
				/attr/**=perms["attr"]
				/**=user
		</value>
		</property>
	</bean>
	
	<!-- 用户授权信息Cache, 采用EhCache -->
	<bean id="shiroEhcacheManager" class="org.apache.shiro.cache.ehcache.EhCacheManager">
		<property name="cacheManagerConfigFile" value="classpath:ehcache/ehcache-shiro.xml"/>
	</bean>
	
	<!-- 保证实现了Shiro内部lifecycle函数的bean执行 -->
	<bean id="lifecycleBeanPostProcessor" class="org.apache.shiro.spring.LifecycleBeanPostProcessor"/>
	
	<!-- <import resource="applicationContext-quartz-cron-local.xml" /> -->
	<import resource="applicationContext-spring-scheduler.xml" />
	
</beans>