<?xml version="1.0" encoding="UTF-8"?>
<beans xmlns="http://www.springframework.org/schema/beans" xmlns:xsi="http://www.w3.org/2001/XMLSchema-instance"
	xmlns:context="http://www.springframework.org/schema/context" xmlns:jdbc="http://www.springframework.org/schema/jdbc"  
	xmlns:jee="http://www.springframework.org/schema/jee" xmlns:tx="http://www.springframework.org/schema/tx"
	xmlns:jpa="http://www.springframework.org/schema/data/jpa"
	xsi:schemaLocation="
		http://www.springframework.org/schema/beans http://www.springframework.org/schema/beans/spring-beans-3.2.xsd
		http://www.springframework.org/schema/context http://www.springframework.org/schema/context/spring-context-3.2.xsd
		http://www.springframework.org/schema/jdbc http://www.springframework.org/schema/jdbc/spring-jdbc-3.2.xsd
		http://www.springframework.org/schema/jee http://www.springframework.org/schema/jee/spring-jee-3.2.xsd
		http://www.springframework.org/schema/tx http://www.springframework.org/schema/tx/spring-tx-3.2.xsd"
	default-lazy-init="true">

	<description>Spring公共配置 </description>

	<!-- 使用annotation 自动注册bean, 并保证@Required、@Autowired的属性被注入 -->
	<context:component-scan base-package="com.smt.iptv.epg">
		<context:exclude-filter type="annotation" expression="org.springframework.stereotype.Controller"/>
	</context:component-scan>
    
    <!-- MyBatis配置 -->
	<bean id="sqlSessionFactory" class="org.mybatis.spring.SqlSessionFactoryBean">
		<property name="dataSource" ref="dataSource" />
		<!-- 自动扫描entity目录, 省掉Configuration.xml里的手工配置 -->
		<property name="typeAliasesPackage" value="com.smt.iptv.epg.entity" />
		<property name="configLocation" value="classpath:/configuration.xml"></property>
		<!-- 显式指定Mapper文件位置 -->
		<property name="mapperLocations" value="classpath:/mybatis/*Mapper.xml" />
	</bean>
	<!-- 扫描basePackage下所有以@MyBatisRepository标识的 接口-->
	<bean class="org.mybatis.spring.mapper.MapperScannerConfigurer">
		<property name="sqlSessionFactoryBeanName" value="sqlSessionFactory" />
		<property name="basePackage" value="com.smt.iptv.epg.dao" />
		<property name="annotationClass" value="com.smt.iptv.epg.dao.MyBatisRepository"/>
	</bean>

	<!-- Jpa 事务配置 
	<bean id="transactionManager" class="org.springframework.orm.jpa.JpaTransactionManager">
		<property name="entityManagerFactory" ref="entityManagerFactory"/>
	</bean>-->

	<!-- 另一个事务管理器, Jdbc单数据源事务 -->
	<bean id="transactionManager" class="org.springframework.jdbc.datasource.DataSourceTransactionManager">
		<property name="dataSource" ref="dataSource" />
	</bean>

	<!-- 使用annotation定义事务  -->
	<tx:annotation-driven transaction-manager="transactionManager" proxy-target-class="true" />

    <!-- i18nMyBatis配置 -->
	<bean id="sqlSessionFactory2" class="org.mybatis.spring.SqlSessionFactoryBean">
		<property name="dataSource" ref="multidataSource" />
		<!-- 自动扫描entity目录, 省掉Configuration.xml里的手工配置 -->
		<property name="typeAliasesPackage" value="com.smt.iptv.epg.entity" />
		<property name="configLocation" value="classpath:/configuration.xml"></property>
		<!-- 显式指定Mapper文件位置 -->
		<property name="mapperLocations" value="classpath:/mybatis/*Mapper.xml" />
	</bean>
	<!-- 扫描basePackage下所有以@MyBatisRepository标识的 接口-->
	<bean class="org.mybatis.spring.mapper.MapperScannerConfigurer">
		<property name="sqlSessionFactoryBeanName" value="sqlSessionFactory2" />
		<property name="basePackage" value="com.smt.iptv.epg.dao" />
		<property name="annotationClass" value="com.smt.iptv.epg.dao.I18nMyBatisRepository"/>
	</bean>
	<!-- 环境配置 -->
	<!-- production环境 -->
 	<beans profile="production">
 		<context:property-placeholder ignore-unresolvable="true"
			location="classpath*:/application.properties" />	
		
		<!-- 数据源配置, 使用DBCP数据库连接池 -->
		<bean id="parentDataSource" class="org.apache.commons.dbcp.BasicDataSource" destroy-method="close">
			<!-- Connection Info -->
			<property name="driverClassName" value="${jdbc.driver}" />
			
			<property name="username" value="${jdbc.username}" />
			<property name="password" value="${jdbc.password}" />
		
			<!-- Connection Pooling Info -->
			<property name="maxActive" value="${dbcp.maxActive}" />
			<property name="maxIdle" value="${dbcp.maxIdle}" />
			<property name="defaultAutoCommit" value="false" />
			<!-- 连接Idle一个小时后超时 -->
			<property name="timeBetweenEvictionRunsMillis" value="3600000" />
			<property name="minEvictableIdleTimeMillis" value="3600000" />
		</bean>
		<bean id="dataSource" parent="parentDataSource">
			<property name="url" value="${jdbc.url}" />
		</bean>
		<bean id="enDataSource" parent="parentDataSource">
			<property name="url" value="${jdbc.enurl}" />
		</bean>
		<bean id="multidataSource" class="com.smt.iptv.epg.core.I18nMultiDataSource">
	       <property name="targetDataSources">  
	          <map key-type="java.lang.String">  
	             <entry key="zh" value-ref="dataSource"/>  
	             <entry key="en" value-ref="enDataSource"/>  
	          </map>
	       </property>
	    </bean>  
	</beans>
</beans>