<?xml version="1.0" encoding="UTF-8"?>
<beans xmlns="http://www.springframework.org/schema/beans"
	xmlns:xsi="http://www.w3.org/2001/XMLSchema-instance"
	xmlns:context="http://www.springframework.org/schema/context"
	xmlns:mvc="http://www.springframework.org/schema/mvc"
	xsi:schemaLocation="http://www.springframework.org/schema/mvc http://www.springframework.org/schema/mvc/spring-mvc-3.2.xsd
		http://www.springframework.org/schema/beans http://www.springframework.org/schema/beans/spring-beans-3.2.xsd
		http://www.springframework.org/schema/context http://www.springframework.org/schema/context/spring-context-3.2.xsd">

	<!-- 自动扫描且只扫描@Controller -->
	<context:component-scan base-package="com.smt.iptv.epg" use-default-filters="false">
		<context:include-filter type="annotation" expression="org.springframework.stereotype.Controller"/>
	</context:component-scan>
	
	<mvc:annotation-driven/>
		
	<!-- 将无法mapping到Controller的path交给default servlet handler处理 -->		
	<mvc:default-servlet-handler/>
	
	<!-- 定义JSP文件的位置 --> 
	<bean class="org.springframework.web.servlet.view.InternalResourceViewResolver">
		<property name="prefix" value="/pages/"/>
		<property name="suffix" value=".jsp"/>
	</bean>
	
	<!-- 定义无Controller的path<->view直接映射 -->
	<mvc:view-controller path="/" view-name="redirect:/index.jsp"/>
	
	<!-- 多语言      -->
	<bean id="localeChangeInterceptor"   class="org.springframework.web.servlet.i18n.LocaleChangeInterceptor">  
	    <property name="paramName" value="locale"/> 
	</bean>
	 
	<mvc:interceptors ><ref bean="localeChangeInterceptor"/></mvc:interceptors>

    <bean id="localeResolver"
      class="com.smt.iptv.epg.core.ThreadLocaleCookieLocaleResolver"/>
	
	<!--<bean id="localeResolver"
      class="org.springframework.web.servlet.i18n.CookieLocaleResolver"/> -->

      
	<bean id="messageSource" class="org.springframework.context.support.ResourceBundleMessageSource">
		<property name="basename" value="message" />
     	<property name="useCodeAsDefaultMessage" value="true" />
	</bean>
	<!-- 多语言      end-->
</beans>
