<?xml version="1.0" encoding="UTF-8"?>
<decorators defaultdir="/frame/">
	<excludes>
		<pattern>/static/*</pattern>
		<pattern>/api/*</pattern>
		<pattern>/json/*</pattern>
		<pattern>/frame/*</pattern>
		<pattern>/*/ajax</pattern>
		<pattern>/login</pattern>
		<pattern>/program/ajax**</pattern>
		<pattern>/*/ajaxlist**</pattern>
		<pattern>/*/ajaxtreelist**</pattern>
		<pattern>/dishfeatured/add*</pattern>
	</excludes>
	<!-- <decorator name="default" page="default.jsp">
		<pattern>/login*</pattern>
	</decorator> -->
	<decorator name="main" page="all.jsp">
		<pattern>/*</pattern>
	</decorator>
	<decorator name="window" page="window.jsp">
		<pattern>/cast/*/*/list</pattern>
		<!-- <pattern>/mediacontent/*/list</pattern>-->
		<pattern>/picture/program/*</pattern>
		<pattern>/program/*/category</pattern>
		<pattern>/program/detail/*</pattern>
		<pattern>/program/select**</pattern>
		<pattern>/area/list**</pattern>
		<pattern>/genre/list**</pattern>
		<pattern>/area/create</pattern>
		<pattern>/genre/create</pattern>
		<pattern>/area/update/*</pattern>
		<pattern>/genre/update/*</pattern>
		<pattern>/mediacontent/fileselect</pattern>
		<pattern>/mediacontent/*/list</pattern>
		<pattern>/mediacontent/*/update/*</pattern>
		<pattern>/mediacontent/*/create</pattern>
		<pattern>/category/checkboxlist</pattern>
		<pattern>/program/addcategorys</pattern>
		<pattern>/picture/program/*</pattern>
		<pattern>/category/contentlist/*/*</pattern>
		<pattern>/physicalchannel/bychannel/*</pattern>
		<pattern>/schedule/bychannel/*</pattern>
		<pattern>/schedule/bychannelcreate/*</pattern>
		<pattern>/schedule/bychannelupdate/*</pattern>
		<pattern>/schedule/update/*</pattern>
		<pattern>/schedule/create/*</pattern>
		<pattern>/category/select/*/*</pattern>
		<pattern>/category/selectadd/*/*</pattern>
		<pattern>/category/contentlist/*/*</pattern>
		<pattern>/category/sortlist/**</pattern>
		<pattern>/virchannel/schedulelist*</pattern>
		<pattern>/virtualcontentinfo/list*</pattern>
		<pattern>/virchannel/mediacontentlist*</pattern>
		<pattern>/virtualcontentinfo/create*</pattern>
		<pattern>/slavearea/updateslave*</pattern>
		<pattern>/dishcategory/contentlist**</pattern>
		<pattern>/dishcategory/select**</pattern>
		<pattern>/goodscategory/contentlist**</pattern>
		<pattern>/goodscategory/select**</pattern>
		<pattern>/dish/select*</pattern>
		<pattern>/musiccategory/contentlist**</pattern>
		<pattern>/musiccategory/sortlist**</pattern>
		<pattern>/musiccategory/select**</pattern>
		<pattern>/bulletin/select*</pattern>
		<pattern>/customizedchannelno/sortwindow**</pattern>
		<pattern>/customizedchannelno/list**</pattern>
		<pattern>/role/resourceselect</pattern>
		<pattern>/liverecord/list**</pattern>
		<pattern>/roomstatus/timeselect**</pattern>
		<pattern>/roomstatus/history**</pattern>
		<pattern>/orderproductoffer/moreorderusage**</pattern>
		<pattern>/product/linklist**</pattern>
		<pattern>/orderproductoffer/accountrechargeForm**</pattern>
		<pattern>/orderproductoffer/accountrefundForm**</pattern>
		<pattern>/orderproductoffer/orderusagerecord**</pattern>		
	</decorator>
	
</decorators>
